SYMBOL,Name,sector,ETF,beta,sector,
AA,,,,1.37,,
AAL,American Airlines Group,Industrials,XLI,1.85,Industrials,XLI
AAP,Advance Auto Parts,Consumer Discretionary,XLY,0.39,Consumer Discretionary,XLY
AAPL,Apple Inc.,Information Technology,XLK,1.6,Information Technology,XLK
ABBV,AbbVie,Health Care,XLV,0.74,Health Care,XLV
ABC,AmerisourceBergen Corp,Health Care,XLV,1.5,Consumer Staples,XLP
ABT,Abbott Laboratories,Health Care,XLV,0.84,Utilities,XLU
ACN,Accenture plc,Information Technology,XLK,1.1,Financials,XLF
ADBE,Adobe Systems Inc,Information Technology,XLK,1.44,Materials,XLB
ADI,"Analog Devices, Inc.",Information Technology,XLK,1.27,Energy,XLE
ADM,Archer-Daniels-Midland Co,Consumer Staples,XLP,0.95,Telecommunications Services,XTL
ADP,Automatic Data Processing,Information Technology,XLK,0.86,,
ADS,Alliance Data Systems,Information Technology,XLK,1.21,,
ADSK,Autodesk Inc,Information Technology,XLK,2.92,,
AEE,Ameren Corp,Utilities,XLU,0.39,,
AEP,American Electric Power,Utilities,XLU,0.17,,
AES,AES Corp,Utilities,XLU,0.78,,
AET,Aetna Inc,Health Care,XLV,0.84,,
AFL,AFLAC Inc,Financials,XLF,0.57,,
AGN,Allergan plc,Health Care,XLV,0.73,,
AIG,"American International Group, Inc.",Financials,XLF,0.52,,
AIV,Apartment Investment & Mgmt,Financials,XLF,0.59,,
AIZ,Assurant Inc,Financials,XLF,0.74,,
AJG,Arthur J. Gallagher & Co.,Financials,XLF,0.85,,
AKAM,Akamai Technologies Inc,Information Technology,XLK,1.88,,
ALB,Albemarle Corp,Materials,XLB,1.41,,
ALK,Alaska Air Group Inc,Industrials,XLI,1.5,,
ALLE,Allegion,Industrials,XLI,1.11,,
ALXN,Alexion Pharmaceuticals,Health Care,XLV,1.21,,
AMAT,Applied Materials Inc,Information Technology,XLK,2.47,,
AME,Ametek,Industrials,XLI,0.77,,
AMG,Affiliated Managers Group Inc,Financials,XLF,1.56,,
AMGN,Amgen Inc,Health Care,XLV,0.83,,
AMP,Ameriprise Financial,Financials,XLF,1.85,,
AMT,American Tower Corp A,Financials,XLF,0.12,,
AMZN,Amazon.com Inc,Consumer Discretionary,XLY,1.22,,
AN,AutoNation Inc,Consumer Discretionary,XLY,1.14,,
ANTM,Anthem Inc.,Health Care,XLV,1.03,,
AON,Aon plc,Financials,XLF,0.53,,
APA,Apache Corporation,Energy,XLE,1.22,,
APC,Anadarko Petroleum Corp,Energy,XLE,0.76,,
APD,Air Products & Chemicals Inc,Materials,XLB,1.08,,
APH,Amphenol Corp A,Industrials,XLI,1.13,,
ATVI,Activision Blizzard,Information Technology,XLK,2.39,,
AVB,"AvalonBay Communities, Inc.",Financials,XLF,0.74,,
AVGO,Avago Technologies,Information Technology,XLK,1.98,,
AVY,Avery Dennison Corp,Materials,XLB,0.85,,
AWK,American Water Works Company Inc,Utilities,XLU,0.54,,
AXP,American Express Co,Financials,XLF,0.99,,
AYI,Acuity Brands Inc,Industrials,XLI,0.26,,
AZO,AutoZone Inc,Consumer Discretionary,XLY,0.57,,
BA,Boeing Company,Industrials,XLI,0.9,,
BAC,Bank of America Corp,Financials,XLF,1.42,,
BAX,Baxter International Inc.,Health Care,XLV,1.01,,
BBBY,Bed Bath & Beyond,Consumer Discretionary,XLY,0.35,,
BBT,BB&T Corporation,Financials,XLF,0.9,,
BBY,Best Buy Co. Inc.,Consumer Discretionary,XLY,1.78,,
BCR,Bard (C.R.) Inc.,Health Care,XLV,0.41,,
BDX,Becton Dickinson,Health Care,XLV,0.7,,
BEN,Franklin Resources,Financials,XLF,1.25,,
BIIB,BIOGEN IDEC Inc.,Health Care,XLV,1.31,,
BK,The Bank of New York Mellon Corp.,Financials,XLF,0.93,,
BLK,BlackRock,Financials,XLF,1.26,,
BLL,Ball Corp,Materials,XLB,0.99,,
BMY,Bristol-Myers Squibb,Health Care,XLV,0.67,,
BSX,Boston Scientific,Health Care,XLV,1.34,,
BWA,BorgWarner,Consumer Discretionary,XLY,1.87,,
BXP,Boston Properties,Financials,XLF,0.66,,
C,Citigroup Inc.,Financials,XLF,0.99,,
CA,"CA, Inc.",Information Technology,XLK,1.11,,
CAG,ConAgra Foods Inc.,Consumer Staples,XLP,0.95,,
CAH,Cardinal Health Inc.,Health Care,XLV,0.89,,
CAT,Caterpillar Inc.,Industrials,XLI,1.13,,
CB,Chubb Limited,Financials,XLF,0.34,,
CBG,CBRE Group,Financials,XLF,1.69,,
CBS,CBS Corp.,Consumer Discretionary,XLY,1.15,,
CCI,Crown Castle International Corp.,Financials,XLF,0.32,,
CCL,Carnival Corp.,Consumer Discretionary,XLY,0.2,,
CELG,Celgene Corp.,Health Care,XLV,1.11,,
CERN,Cerner,Health Care,XLV,1.4,,
CF,CF Industries Holdings Inc,Materials,XLB,2.31,,
CFG,Citizens Financial Group,Financials,XLF,1.39,,
CHD,Church & Dwight,Consumer Staples,XLP,0.32,,
CHK,Chesapeake Energy,Energy,XLE,0.45,,
CHRW,C. H. Robinson Worldwide,Industrials,XLI,0.87,,
CI,CIGNA Corp.,Health Care,XLV,0.93,,
CINF,Cincinnati Financial,Financials,XLF,0.55,,
CL,Colgate-Palmolive,Consumer Staples,XLP,-0.55,,
CLX,The Clorox Company,Consumer Staples,XLP,0.52,,
CMA,Comerica Inc.,Financials,XLF,1.14,,
CMCSA,Comcast A Corp,Consumer Discretionary,XLY,1.42,,
CME,CME Group Inc.,Financials,XLF,0.83,,
CMG,Chipotle Mexican Grill,Consumer Discretionary,XLY,1.4,,
CMI,Cummins Inc.,Industrials,XLI,1.04,,
CMS,CMS Energy,Utilities,XLU,0.24,,
CNC,Centene Corporation,Health Care,XLV,1.25,,
CNP,CenterPoint Energy,Utilities,XLU,0.47,,
COF,Capital One Financial,Financials,XLF,1.15,,
COG,Cabot Oil & Gas,Energy,XLE,0.64,,
COL,Rockwell Collins,Industrials,XLI,0.88,,
COP,ConocoPhillips,Energy,XLE,0.66,,
COST,Costco Co.,Consumer Staples,XLP,0.41,,
CPB,Campbell Soup,Consumer Staples,XLP,0.56,,
CRM,Salesforce.com,Information Technology,XLK,1.32,,
CSCO,Cisco Systems,Information Technology,XLK,1.01,,
CSRA,CSRA Inc.,Information Technology,XLK,1.6,,
CSX,CSX Corp.,Industrials,XLI,1.42,,
CTAS,Cintas Corporation,Industrials,XLI,1.36,,
CTL,CenturyLink Inc,Telecommunications Services,XTL,0.74,,
CTSH,Cognizant Technology Solutions,Information Technology,XLK,1.05,,
CTXS,Citrix Systems,Information Technology,XLK,1.46,,
CVS,CVS Health,Consumer Staples,XLP,1.05,,
CVX,Chevron Corp.,Energy,XLE,0.68,,
CXO,Concho Resources,Energy,XLE,0.21,,
D,Dominion Resources,Utilities,XLU,0.26,,
DAL,Delta Air Lines,Industrials,XLI,1.59,,
DE,Deere & Co.,Industrials,XLI,1.04,,
DFS,Discover Financial Services,Financials,XLF,0.85,,
DG,Dollar General,Consumer Discretionary,XLY,1.52,,
DGX,Quest Diagnostics,Health Care,XLV,0.83,,
DHI,D. R. Horton,Consumer Discretionary,XLY,1.24,,
DHR,Danaher Corp.,Industrials,XLI,0.85,,
DIS,The Walt Disney Company,Consumer Discretionary,XLY,0.82,,
DISCA,Discovery Communications-A,Consumer Discretionary,XLY,1.14,,
DISCK,Discovery Communications-C,Consumer Discretionary,XLY,1.12,,
DLPH,Delphi Automotive,Consumer Discretionary,XLY,1.14,,
DLR,Digital Realty Trust,Financials,XLF,0.67,,
DLTR,Dollar Tree,Consumer Discretionary,XLY,1.18,,
DNB,Dun & Bradstreet,Industrials,XLI,1.15,,
DO,Diamond Offshore Drilling,Energy,XLE,1.35,,
DOV,Dover Corp.,Industrials,XLI,1.09,,
DPS,Dr Pepper Snapple Group,Consumer Staples,XLP,0.86,,
DRI,Darden Restaurants,Consumer Discretionary,XLY,0.32,,
DTE,DTE Energy Co.,Utilities,XLU,0.29,,
DUK,Duke Energy,Utilities,XLU,0.36,,
DVA,DaVita Inc.,Health Care,XLV,0.3,,
DVN,Devon Energy Corp.,Energy,XLE,0.75,,
EA,Electronic Arts,Information Technology,XLK,2.27,,
EBAY,eBay Inc.,Information Technology,XLK,1.87,,
ECL,Ecolab Inc.,Materials,XLB,0.75,,
ED,Consolidated Edison,Utilities,XLU,0.3,,
EFX,Equifax Inc.,Financials,XLF,1.12,,
EIX,Edison Int'l,Utilities,XLU,0.22,,
EL,Estee Lauder Cos.,Consumer Staples,XLP,0.5,,
EMN,Eastman Chemical,Materials,XLB,1.5,,
EMR,Emerson Electric Company,Industrials,XLI,0.96,,
ENDP,Endo International,Health Care,XLV,2.26,,
EOG,EOG Resources,Energy,XLE,0.48,,
EQIX,Equinix,Information Technology,XLK,0.68,,
EQR,Equity Residential,Financials,XLF,0.67,,
EQT,EQT Corporation,Energy,XLE,0.28,,
ES,Eversource Energy,Utilities,XLU,0.02,,
ESRX,Express Scripts,Health Care,XLV,0.99,,
ESS,Essex Property Trust Inc,Financials,XLF,0.74,,
ETFC,E*Trade,Financials,XLF,1.43,,
ETN,Eaton Corporation,Industrials,XLI,1.04,,
ETR,Entergy Corp.,Utilities,XLU,0.43,,
EW,Edwards Lifesciences,Health Care,XLV,1.51,,
EXC,Exelon Corp.,Utilities,XLU,0.12,,
EXPD,Expeditors Int'l,Industrials,XLI,0.81,,
EXPE,Expedia Inc.,Consumer Discretionary,XLY,1.75,,
EXR,Extra Space Storage,Financials,XLF,-0.09,,
F,Ford Motor,Consumer Discretionary,XLY,0.89,,
FAST,Fastenal Co,Industrials,XLI,1.16,,
FB,Facebook,Information Technology,XLK,1.59,,
FBHS,Fortune Brands Home & Security,Industrials,XLI,0.93,,
FCX,Freeport-McMoran Cp & Gld,Materials,XLB,1.75,,
FDX,FedEx Corporation,Industrials,XLI,1.52,,
FE,FirstEnergy Corp,Utilities,XLU,0.27,,
FFIV,F5 Networks,Information Technology,XLK,1.34,,
FIS,Fidelity National Information Services,Information Technology,XLK,0.72,,
FISV,Fiserv Inc,Information Technology,XLK,0.85,,
FITB,Fifth Third Bancorp,Financials,XLF,0.84,,
FL,Foot Locker Inc,Consumer Discretionary,XLY,-0.14,,
FLIR,FLIR Systems,Industrials,XLI,0.82,,
FLR,Fluor Corp.,Industrials,XLI,0.95,,
FLS,Flowserve Corporation,Industrials,XLI,1.24,,
FMC,FMC Corporation,Materials,XLB,1.56,,
FOX,Twenty-First Century Fox Class B,Consumer Discretionary,XLY,1.18,,
FOXA,Twenty-First Century Fox Class A,Consumer Discretionary,XLY,1.21,,
FRT,Federal Realty Investment Trust,Financials,XLF,0.71,,
FSLR,First Solar Inc,Information Technology,XLK,2.07,,
FTI,FMC Technologies Inc.,Energy,XLE,0.67,,
FTR,Frontier Communications,Telecommunications Services,XTL,1.92,,
FTV,Fortive Corp,Industrials,XLI,1.28,,
GD,General Dynamics,Industrials,XLI,1.08,,
GE,General Electric,Industrials,XLI,0.98,,
GGP,General Growth Properties Inc.,Financials,XLF,1.14,,
GILD,Gilead Sciences,Health Care,XLV,0.74,,
GIS,General Mills,Consumer Staples,XLP,0.88,,
GLW,Corning Inc.,Industrials,XLI,1.75,,
GM,General Motors,Consumer Discretionary,XLY,0.81,,
GOOG,Alphabet Inc Class C,Information Technology,XLK,1.52,,
GOOGL,Alphabet Inc Class A,Information Technology,XLK,1.45,,
GPC,Genuine Parts,Consumer Discretionary,XLY,0.77,,
GPN,Global Payments Inc,Information Technology,XLK,1.38,,
GPS,Gap (The),Consumer Discretionary,XLY,1.49,,
GRMN,Garmin Ltd.,Consumer Discretionary,XLY,1.4,,
GS,Goldman Sachs Group,Financials,XLF,1.44,,
GT,Goodyear Tire & Rubber,Consumer Discretionary,XLY,1.38,,
GWW,Grainger (W.W.) Inc.,Industrials,XLI,0.39,,
HAL,Halliburton Co.,Energy,XLE,0.97,,
HAS,Hasbro Inc.,Consumer Discretionary,XLY,1.15,,
HBAN,Huntington Bancshares,Financials,XLF,1.36,,
HBI,Hanesbrands Inc,Consumer Discretionary,XLY,1.04,,
HCA,HCA Holdings,Health Care,XLV,1.12,,
HCN,Welltower Inc.,Financials,XLF,0.59,,
HCP,HCP Inc.,Financials,XLF,0.69,,
HD,Home Depot,Consumer Discretionary,XLY,0.81,,
HES,Hess Corporation,Energy,XLE,1.03,,
HIG,Hartford Financial Svc.Gp.,Financials,XLF,0.45,,
HOG,Harley-Davidson,Consumer Discretionary,XLY,0.44,,
HOLX,Hologic,Health Care,XLV,1.3,,
HON,Honeywell Int'l Inc.,Industrials,XLI,0.91,,
HP,Helmerich & Payne,Energy,XLE,1.3,,
HPE,Hewlett Packard Enterprise,Information Technology,XLK,0.98,,
HPQ,HP Inc.,Information Technology,XLK,1.58,,
HRB,Block H&R,Financials,XLF,0.31,,
HRL,Hormel Foods Corp.,Consumer Staples,XLP,0.52,,
HRS,Harris Corporation,Information Technology,XLK,1.24,,
HSIC,Henry Schein,Health Care,XLV,1.15,,
HST,Host Hotels & Resorts,Financials,XLF,0.77,,
HSY,The Hershey Company,Consumer Staples,XLP,0.39,,
HUM,Humana Inc.,Health Care,XLV,0.61,,
IBM,International Bus. Machines,Information Technology,XLK,0.32,,
ICE,Intercontinental Exchange,Financials,XLF,0.48,,
IFF,Intl Flavors & Fragrances,Materials,XLB,0.9,,
ILMN,Illumina Inc,Health Care,XLV,1.25,,
INTC,Intel Corp.,Information Technology,XLK,1.45,,
INTU,Intuit Inc.,Information Technology,XLK,0.35,,
IP,International Paper,Materials,XLB,1.03,,
IPG,Interpublic Group,Consumer Discretionary,XLY,0.74,,
IR,Ingersoll-Rand PLC,Industrials,XLI,0.88,,
IRM,Iron Mountain Incorporated,Industrials,XLI,0.71,,
ISRG,Intuitive Surgical Inc.,Health Care,XLV,1.13,,
ITW,Illinois Tool Works,Industrials,XLI,1.34,,
IVZ,Invesco Ltd.,Financials,XLF,2.01,,
JBHT,J. B. Hunt Transport Services,Industrials,XLI,1.38,,
JCI,Johnson Controls,Consumer Discretionary,XLY,1.4,,
JEC,Jacobs Engineering Group,Industrials,XLI,1.2,,
JNJ,Johnson & Johnson,Health Care,XLV,0.46,,
JNPR,Juniper Networks,Information Technology,XLK,1.46,,
JPM,JPMorgan Chase & Co.,Financials,XLF,0.99,,
JWN,Nordstrom,Consumer Discretionary,XLY,1.19,,
K,Kellogg Co.,Consumer Staples,XLP,0.82,,
KEY,KeyCorp,Financials,XLF,1.15,,
KHC,Kraft Heinz Co,Consumer Staples,XLP,0.75,,
KIM,Kimco Realty,Financials,XLF,0.14,,
KLAC,KLA-Tencor Corp.,Information Technology,XLK,2.09,,
KMB,Kimberly-Clark,Consumer Staples,XLP,0.53,,
KMI,Kinder Morgan,Energy,XLE,0.9,,
KMX,Carmax Inc,Consumer Discretionary,XLY,1.36,,
KO,The Coca Cola Company,Consumer Staples,XLP,0.4,,
KORS,Michael Kors Holdings,Consumer Discretionary,XLY,0.96,,
KR,Kroger Co.,Consumer Staples,XLP,1.32,,
KSS,Kohl's Corp.,Consumer Discretionary,XLY,1.17,,
KSU,Kansas City Southern,Industrials,XLI,0.96,,
L,Loews Corp.,Financials,XLF,0.66,,
LB,L Brands Inc.,Consumer Discretionary,XLY,1.57,,
LEG,Leggett & Platt,Industrials,XLI,1.19,,
LEN,Lennar Corp.,Consumer Discretionary,XLY,1.11,,
LH,Laboratory Corp. of America Holding,Health Care,XLV,0.9,,
LKQ,LKQ Corporation,Consumer Discretionary,XLY,1.12,,
LLL,L-3 Communications Holdings,Industrials,XLI,1.09,,
LLY,Lilly (Eli) & Co.,Health Care,XLV,0.54,,
LM,Legg Mason,Financials,XLF,1.27,,
LMT,Lockheed Martin Corp.,Industrials,XLI,0.86,,
LNC,Lincoln National,Financials,XLF,1.54,,
LNT,Alliant Energy Corp,Utilities,XLU,0.29,,
LOW,Lowe's Cos.,Consumer Discretionary,XLY,1.05,,
LRCX,Lam Research,Information Technology,XLK,2.05,,
LUK,Leucadia National Corp.,Financials,XLF,1.32,,
LUV,Southwest Airlines,Industrials,XLI,1.06,,
LVLT,Level 3 Communications,Telecommunications Services,XTL,0.63,,
LYB,LyondellBasell,Materials,XLB,1.36,,
M,Macy's Inc.,Consumer Discretionary,XLY,1.01,,
MA,Mastercard Inc.,Information Technology,XLK,1.25,,
MAC,Macerich,Financials,XLF,0.84,,
MAR,Marriott Int'l.,Consumer Discretionary,XLY,1.45,,
MAS,Masco Corp.,Industrials,XLI,1.12,,
MAT,Mattel Inc.,Consumer Discretionary,XLY,0.73,,
MCD,McDonald's Corp.,Consumer Discretionary,XLY,0.7,,
MCHP,Microchip Technology,Information Technology,XLK,2.08,,
MCK,McKesson Corp.,Health Care,XLV,1.5,,
MCO,Moody's Corp,Financials,XLF,1.06,,
MDLZ,Mondelez International,Consumer Staples,XLP,1.09,,
MDT,Medtronic plc,Health Care,XLV,0.98,,
MET,MetLife Inc.,Financials,XLF,1.25,,
MHK,Mohawk Industries,Consumer Discretionary,XLY,0.88,,
MKC,McCormick & Co.,Consumer Staples,XLP,0.65,,
MLM,Martin Marietta Materials,Materials,XLB,1.88,,
MMC,Marsh & McLennan,Financials,XLF,0.62,,
MMM,3M Company,Industrials,XLI,0.71,,
MNK,Mallinckrodt Plc,Health Care,XLV,2.36,,
MNST,Monster Beverage,Consumer Staples,XLP,1.01,,
MO,Altria Group Inc,Consumer Staples,XLP,0.64,,
MON,Monsanto Co.,Materials,XLB,0.44,,
MOS,The Mosaic Company,Materials,XLB,1.51,,
MPC,Marathon Petroleum,Energy,XLE,1,,
MRK,Merck & Co.,Health Care,XLV,0.5,,
MRO,Marathon Oil Corp.,Energy,XLE,0.74,,
MS,Morgan Stanley,Financials,XLF,1.46,,
MSFT,Microsoft Corp.,Information Technology,XLK,1.59,,
MSI,Motorola Solutions Inc.,Information Technology,XLK,1.19,,
MTB,M&T Bank Corp.,Financials,XLF,1.04,,
MU,Micron Technology,Information Technology,XLK,2.31,,
MUR,Murphy Oil,Energy,XLE,1.08,,
MYL,Mylan N.V.,Health Care,XLV,1.02,,
NAVI,Navient,Financials,XLF,1.7,,
NBL,Noble Energy Inc,Energy,XLE,0.91,,
NDAQ,NASDAQ OMX Group,Financials,XLF,0.54,,
NEE,NextEra Energy,Utilities,XLU,0.21,,
NEM,Newmont Mining Corp. (Hldg. Co.),Materials,XLB,0.36,,
NFLX,Netflix Inc.,Information Technology,XLK,2.08,,
NFX,Newfield Exploration Co,Energy,XLE,0.92,,
NI,NiSource Inc.,Utilities,XLU,0.49,,
NKE,Nike,Consumer Discretionary,XLY,0.88,,
NLSN,Nielsen Holdings,Industrials,XLI,0.56,,
NOC,Northrop Grumman Corp.,Industrials,XLI,0.72,,
NOV,National Oilwell Varco Inc.,Energy,XLE,0.75,,
NRG,NRG Energy,Utilities,XLU,3.19,,
NSC,Norfolk Southern Corp.,Industrials,XLI,1.61,,
NTAP,NetApp,Information Technology,XLK,1.88,,
NTRS,Northern Trust Corp.,Financials,XLF,1.02,,
NUE,Nucor Corp.,Materials,XLB,1.32,,
NVDA,Nvidia Corporation,Information Technology,XLK,2.85,,
NWL,Newell Rubbermaid Co.,Consumer Discretionary,XLY,0.95,,
NWS,News Corp. Class B,Consumer Discretionary,XLY,1.42,,
NWSA,News Corp. Class A,Consumer Discretionary,XLY,1.45,,
O,Realty Income Corporation,Financials,XLF,0.88,,
OI,Owens-Illinois Inc,Materials,XLB,1.15,,
OKE,ONEOK,Energy,XLE,0.7,,
OMC,Omnicom Group,Consumer Discretionary,XLY,0.58,,
ORCL,Oracle Corp.,Information Technology,XLK,1.02,,
ORLY,O'Reilly Automotive,Consumer Discretionary,XLY,0.65,,
OXY,Occidental Petroleum,Energy,XLE,0.85,,
PAYX,Paychex Inc.,Information Technology,XLK,0.73,,
PBCT,People's United Financial,Financials,XLF,0.86,,
PBI,Pitney-Bowes,Industrials,XLI,1.34,,
PCAR,PACCAR Inc.,Industrials,XLI,0.71,,
PCG,PG&E Corp.,Utilities,XLU,0.25,,
PCLN,Priceline.com Inc,Consumer Discretionary,XLY,1.18,,
PDCO,Patterson Companies,Health Care,XLV,1.56,,
PEG,Public Serv. Enterprise Inc.,Utilities,XLU,0.23,,
PEP,PepsiCo Inc.,Consumer Staples,XLP,0.47,,
PFE,Pfizer Inc.,Health Care,XLV,0.38,,
PFG,Principal Financial Group,Financials,XLF,1.42,,
PG,Procter & Gamble,Consumer Staples,XLP,0.28,,
PGR,Progressive Corp.,Financials,XLF,0.03,,
PH,Parker-Hannifin,Industrials,XLI,1.25,,
PHM,Pulte Homes Inc.,Consumer Discretionary,XLY,1.37,,
PKI,PerkinElmer,Health Care,XLV,1.29,,
PLD,Prologis,Financials,XLF,0.69,,
PM,Philip Morris International,Consumer Staples,XLP,0.74,,
PNC,PNC Financial Services,Financials,XLF,1.17,,
PNR,Pentair Ltd.,Industrials,XLI,0.92,,
PNW,Pinnacle West Capital,Utilities,XLU,0.33,,
PPG,PPG Industries,Materials,XLB,1.13,,
PPL,PPL Corp.,Utilities,XLU,0.21,,
PRGO,Perrigo,Health Care,XLV,1.19,,
PRU,Prudential Financial,Financials,XLF,1.16,,
PSA,Public Storage,Financials,XLF,0.16,,
PSX,Phillips 66,Energy,XLE,0.72,,
PVH,PVH Corp.,Consumer Discretionary,XLY,1.12,,
PWR,Quanta Services Inc.,Industrials,XLI,1.22,,
PX,Praxair Inc.,Materials,XLB,1.14,,
PXD,Pioneer Natural Resources,Energy,XLE,0.49,,
PYPL,PayPal,Information Technology,XLK,1.7,,
QCOM,QUALCOMM Inc.,Information Technology,XLK,1.55,,
QRVO,Qorvo,Information Technology,XLK,2.29,,
R,Ryder System,Industrials,XLI,1.34,,
RCL,Royal Caribbean Cruises Ltd,Consumer Discretionary,XLY,1.8,,
REGN,Regeneron,Health Care,XLV,0.98,,
RF,Regions Financial Corp.,Financials,XLF,0.48,,
RHI,Robert Half International,Industrials,XLI,1.84,,
RHT,Red Hat Inc.,Information Technology,XLK,1.89,,
RIG,Transocean,Energy,XLE,1.68,,
RL,Polo Ralph Lauren Corp.,Consumer Discretionary,XLY,0.72,,
ROK,Rockwell Automation Inc.,Industrials,XLI,1.32,,
ROP,Roper Industries,Industrials,XLI,1.16,,
ROST,Ross Stores,Consumer Discretionary,XLY,1.09,,
RRC,Range Resources Corp.,Energy,XLE,0.14,,
RSG,Republic Services Inc,Industrials,XLI,0.83,,
RTN,Raytheon Co.,Industrials,XLI,0.99,,
SBUX,Starbucks Corp.,Consumer Discretionary,XLY,0.96,,
SCG,SCANA Corp,Utilities,XLU,0.21,,
SCHW,Charles Schwab Corporation,Financials,XLF,1.3,,
SE,Spectra Energy Corp.,Energy,XLE,0.27,,
SEE,Sealed Air Corp.(New),Materials,XLB,1,,
SHW,Sherwin-Williams,Materials,XLB,1.25,,
SIG,Signet Jewelers,Consumer Discretionary,XLY,0.48,,
SJM,Smucker (J.M.),Consumer Staples,XLP,0.5,,
SLB,Schlumberger Ltd.,Energy,XLE,0.49,,
SLG,SL Green Realty,Financials,XLF,0.7,,
SNA,Snap-On Inc.,Consumer Discretionary,XLY,1.08,,
SNI,Scripps Networks Interactive Inc.,Consumer Discretionary,XLY,1.65,,
SO,Southern Co.,Utilities,XLU,0.19,,
SPG,Simon Property Group Inc,Financials,XLF,0.47,,
SPGI,"S&P Global, Inc.",Financials,XLF,1.16,,
SRCL,Stericycle Inc,Industrials,XLI,0.91,,
SRE,Sempra Energy,Utilities,XLU,0.29,,
STI,SunTrust Banks,Financials,XLF,1.23,,
STT,State Street Corp.,Financials,XLF,1.24,,
STX,Seagate Technology,Information Technology,XLK,2.24,,
STZ,Constellation Brands,Consumer Staples,XLP,0.19,,
SWK,Stanley Black & Decker,Consumer Discretionary,XLY,1.11,,
SWKS,Skyworks Solutions,Information Technology,XLK,2.19,,
SWN,Southwestern Energy,Energy,XLE,0.2,,
SYF,Synchrony Financial,Financials,XLF,1.04,,
SYK,Stryker Corp.,Health Care,XLV,0.86,,
SYMC,Symantec Corp.,Information Technology,XLK,1.98,,
SYY,Sysco Corp.,Consumer Staples,XLP,0.64,,
T,AT&T Inc,Telecommunications Services,XTL,0.89,,
TAP,Molson Coors Brewing Company,Consumer Staples,XLP,0.87,,
TDC,Teradata Corp.,Information Technology,XLK,1.47,,
TDG,TransDigm Group,Industrials,XLI,1.92,,
TEL,TE Connectivity Ltd.,Information Technology,XLK,1.62,,
TGNA,Tegna,Consumer Discretionary,XLY,-0.85,,
TGT,Target Corp.,Consumer Discretionary,XLY,0.08,,
TIF,Tiffany & Co.,Consumer Discretionary,XLY,0.77,,
TJX,TJX Companies Inc.,Consumer Discretionary,XLY,0.68,,
TMK,Torchmark Corp.,Financials,XLF,0.98,,
TMO,Thermo Fisher Scientific,Health Care,XLV,0.69,,
TRIP,TripAdvisor,Consumer Discretionary,XLY,1.7,,
TROW,T. Rowe Price Group,Financials,XLF,1.68,,
TRV,The Travelers Companies Inc.,Financials,XLF,0.22,,
TSCO,Tractor Supply Company,Consumer Discretionary,XLY,0.54,,
TSN,Tyson Foods,Consumer Staples,XLP,0.74,,
TSS,Total System Services,Information Technology,XLK,0.88,,
TWX,Time Warner Inc.,Consumer Discretionary,XLY,0.36,,
TXN,Texas Instruments,Information Technology,XLK,1.77,,
TXT,Textron Inc.,Industrials,XLI,1.25,,
UA,Under Armour,Consumer Discretionary,XLY,1.61,,
UAL,United Continental Holdings,Industrials,XLI,1.73,,
UDR,UDR Inc,Financials,XLF,0.8,,
UHS,"Universal Health Services, Inc.",Health Care,XLV,0.81,,
ULTA,Ulta Salon Cosmetics & Fragrance Inc,Consumer Discretionary,XLY,0.96,,
UNH,United Health Group Inc.,Health Care,XLV,0.68,,
UNM,Unum Group,Financials,XLF,1.08,,
UNP,Union Pacific,Industrials,XLI,1.47,,
UPS,United Parcel Service,Industrials,XLI,1.08,,
URBN,Urban Outfitters,Consumer Discretionary,XLY,1.77,,
URI,"United Rentals, Inc.",Industrials,XLI,2.25,,
USB,U.S. Bancorp,Financials,XLF,0.96,,
UTX,United Technologies,Industrials,XLI,0.69,,
V,Visa Inc.,Information Technology,XLK,1.05,,
VAR,Varian Medical Systems,Health Care,XLV,0.73,,
VFC,V.F. Corp.,Consumer Discretionary,XLY,1.13,,
VIAB,Viacom Inc.,Consumer Discretionary,XLY,0.8,,
VLO,Valero Energy,Energy,XLE,0.77,,
VMC,Vulcan Materials,Materials,XLB,1.38,,
VNO,Vornado Realty Trust,Financials,XLF,0.8,,
VRSK,Verisk Analytics,Industrials,XLI,0.92,,
VRSN,Verisign Inc.,Information Technology,XLK,1.24,,
VRTX,Vertex Pharmaceuticals Inc,Health Care,XLV,2.29,,
VTR,Ventas Inc,Financials,XLF,0.27,,
VZ,Verizon Communications,Telecommunications Services,XTL,0.78,,
WAT,Waters Corporation,Health Care,XLV,0.62,,
WBA,Walgreens Boots Alliance,Consumer Staples,XLP,0.99,,
WDC,Western Digital,Information Technology,XLK,1.85,,
WEC,Wisconsin Energy Corporation,Utilities,XLU,0.34,,
WFC,Wells Fargo,Financials,XLF,0.73,,
WHR,Whirlpool Corp.,Consumer Discretionary,XLY,1.28,,
WLTW,Willis Towers Watson,Financials,XLF,0.65,,
WM,Waste Management Inc.,Industrials,XLI,0.6,,
WMB,Williams Cos.,Energy,XLE,0.77,,
WMT,Wal-Mart Stores,Consumer Staples,XLP,0.5,,
WRK,Westrock Co,Materials,XLB,1.47,,
WU,Western Union Co,Information Technology,XLK,1.12,,
WY,Weyerhaeuser Corp.,Financials,XLF,1.28,,
WYN,Wyndham Worldwide,Consumer Discretionary,XLY,1.43,,
WYNN,Wynn Resorts Ltd,Consumer Discretionary,XLY,1.6,,
XEC,Cimarex Energy,Energy,XLE,0.57,,
XEL,Xcel Energy Inc,Utilities,XLU,0.23,,
XL,XL Capital,Financials,XLF,0.26,,
XLNX,Xilinx Inc,Information Technology,XLK,1.31,,
XOM,Exxon Mobil Corp.,Energy,XLE,0.29,,
XRAY,Dentsply Sirona,Health Care,XLV,0.92,,
XRX,Xerox Corp.,Information Technology,XLK,1.25,,
XYL,Xylem Inc.,Industrials,XLI,0.76,,
YUM,Yum! Brands Inc,Consumer Discretionary,XLY,0.72,,
ZBH,Zimmer Biomet Holdings,Health Care,XLV,1.02,,
ZION,Zions Bancorp,Financials,XLF,0.95,,
ZTS,Zoetis,Health Care,XLV,0.61,,
SPY,,,,1,,
