SYMBOL,type,
DIA,,
IWM,,
QQQ,,
SPY,0,
XLY,1,
XLE,1,
XLF,1,
XLV,-1,
XLI,1,
XLB,0,
XLK,1,
XLU,-1,
XLP,-1,
XRT,0,
XHB,0,
DBA,,
DBC,0,
GLD,-1,geo risk
UNG,,
SLV,,
JJC,,infra
USO,,
GDX,,
VXX,-1,
WYDE,0,credit
FLAT,0,curve
UUP,-1,dollar
FXC,0,
FXY,-1,
FXA,1,
CYB,,rmb
DBV,,Carry trade
FXE,0,
TLT,-1,
EMB,,emerge bond
HYG,1,high yield
TIP,,inflation
SPLV,,low vol
PBP,,buy write
SPHB,1,high beta
FXI,,
EWZ,,
EWW,,
EWC,,
EWY,,
EWT,,
EWJ,,
EEM,1,emerging
EFA,,developed non-US/CAN
ASHR,,A-share
EWA,,aus
VNM,,
